run_id,timestamp,commit,hostname,device,torch_version,torch_npu_version,python_version,seed,base_seed,M,N,K,dtype,distribution,bit,C,refresh_interval,p_inject,total_blocks,all_injected,nan_injected,inf_injected,finite_injected,injected_rows,detected_rows,false_rows,clean_rows,injected_blocks,detected_blocks,false_blocks,clean_blocks,localized,row_DR,block_DR,row_FPR,block_FPR,localization_R,conditional_localization_R,nan_rate,inf_rate,e_max,c_sigma,encoding
20261002T073243Z,2026-10-02T07:32:43.369940+00:00,3a0605104e287d97ae1d9dc0ea84d335abb7170b,atlas-47,npu:0,2.7.1+cpu,2.7.1.post10,3.9.9,65249128578111794,1790926362621512119,128,256,1024,bf16,"N(1,1)",7,4,2,0.5,4,2,0,0,2,2,0,0,510,2,0,0,2,0,0.0,0.0,0.0,0.0,0.0,,0.0,0.0,0.008,5.39,linear_centered_per_block
20261002T073243Z,2026-10-02T07:32:43.369940+00:00,3a0605104e287d97ae1d9dc0ea84d335abb7170b,atlas-47,npu:0,2.7.1+cpu,2.7.1.post10,3.9.9,1553943138966836200,1790926362621512119,128,256,1024,bf16,"N(1,1)",8,4,2,0.5,4,3,0,0,3,3,0,0,509,3,0,0,1,0,0.0,0.0,0.0,0.0,0.0,,0.0,0.0,0.008,5.39,linear_centered_per_block
20261002T073243Z,2026-10-02T07:32:43.369940+00:00,3a0605104e287d97ae1d9dc0ea84d335abb7170b,atlas-47,npu:0,2.7.1+cpu,2.7.1.post10,3.9.9,1164813280744794887,1790926362621512119,128,256,1024,bf16,"N(1,1)",9,4,2,0.5,4,1,0,0,1,1,1,0,511,1,1,0,3,1,1.0,1.0,0.0,0.0,1.0,1.0,0.0,0.0,0.008,5.39,linear_centered_per_block
20261002T073243Z,2026-10-02T07:32:43.369940+00:00,3a0605104e287d97ae1d9dc0ea84d335abb7170b,atlas-47,npu:0,2.7.1+cpu,2.7.1.post10,3.9.9,14741872655473326,1790926362621512119,128,256,1024,bf16,"N(1,1)",10,4,2,0.5,4,1,0,0,1,1,0,0,511,1,0,0,3,0,0.0,0.0,0.0,0.0,0.0,,0.0,0.0,0.008,5.39,linear_centered_per_block
20261002T073243Z,2026-10-02T07:32:43.369940+00:00,3a0605104e287d97ae1d9dc0ea84d335abb7170b,atlas-47,npu:0,2.7.1+cpu,2.7.1.post10,3.9.9,1224609451249131677,1790926362621512119,128,256,1024,bf16,"N(1,1)",11,4,2,0.5,4,2,0,0,2,2,2,0,510,2,2,0,2,2,1.0,1.0,0.0,0.0,1.0,1.0,0.0,0.0,0.008,5.39,linear_centered_per_block
20261002T073243Z,2026-10-02T07:32:43.369940+00:00,3a0605104e287d97ae1d9dc0ea84d335abb7170b,atlas-47,npu:0,2.7.1+cpu,2.7.1.post10,3.9.9,6167853955807485895,1790926362621512119,128,256,1024,bf16,"N(1,1)",12,4,2,0.5,4,4,0,0,4,4,4,0,508,4,4,0,0,4,1.0,1.0,0.0,,1.0,1.0,0.0,0.0,0.008,5.39,linear_centered_per_block
20261002T073243Z,2026-10-02T07:32:43.369940+00:00,3a0605104e287d97ae1d9dc0ea84d335abb7170b,atlas-47,npu:0,2.7.1+cpu,2.7.1.post10,3.9.9,7423000623869673559,1790926362621512119,128,256,1024,bf16,"N(1,1)",13,4,2,0.5,4,2,0,0,2,2,2,0,510,2,2,0,2,2,1.0,1.0,0.0,0.0,1.0,1.0,0.0,0.0,0.008,5.39,linear_centered_per_block
20261002T073243Z,2026-10-02T07:32:43.369940+00:00,3a0605104e287d97ae1d9dc0ea84d335abb7170b,atlas-47,npu:0,2.7.1+cpu,2.7.1.post10,3.9.9,5797985605149627007,1790926362621512119,128,256,1024,bf16,"N(1,1)",14,4,2,0.5,4,1,0,0,1,1,0,0,511,1,0,0,3,0,0.0,0.0,0.0,0.0,0.0,,0.0,0.0,0.008,5.39,linear_centered_per_block
20261002T073243Z,2026-10-02T07:32:43.369940+00:00,3a0605104e287d97ae1d9dc0ea84d335abb7170b,atlas-47,npu:0,2.7.1+cpu,2.7.1.post10,3.9.9,4564064744096386817,1790926362621512119,128,256,1024,bf16,"N(1e-6,1)",7,4,2,0.5,4,3,0,0,3,3,0,0,509,3,0,0,1,0,0.0,0.0,0.0,0.0,0.0,,0.0,0.0,0.008,5.39,linear_centered_per_block
20261002T073243Z,2026-10-02T07:32:43.369940+00:00,3a0605104e287d97ae1d9dc0ea84d335abb7170b,atlas-47,npu:0,2.7.1+cpu,2.7.1.post10,3.9.9,2394105018861008409,1790926362621512119,128,256,1024,bf16,"N(1e-6,1)",8,4,2,0.5,4,3,0,0,3,3,0,0,509,3,0,0,1,0,0.0,0.0,0.0,0.0,0.0,,0.0,0.0,0.008,5.39,linear_centered_per_block
20261002T073243Z,2026-10-02T07:32:43.369940+00:00,3a0605104e287d97ae1d9dc0ea84d335abb7170b,atlas-47,npu:0,2.7.1+cpu,2.7.1.post10,3.9.9,7845387274814137341,1790926362621512119,128,256,1024,bf16,"N(1e-6,1)",9,4,2,0.5,4,2,0,0,2,2,0,0,510,2,0,0,2,0,0.0,0.0,0.0,0.0,0.0,,0.0,0.0,0.008,5.39,linear_centered_per_block
20261002T073243Z,2026-10-02T07:32:43.369940+00:00,3a0605104e287d97ae1d9dc0ea84d335abb7170b,atlas-47,npu:0,2.7.1+cpu,2.7.1.post10,3.9.9,6582326810505658147,1790926362621512119,128,256,1024,bf16,"N(1e-6,1)",10,4,2,0.5,4,0,0,0,0,0,0,0,512,0,0,0,4,0,,,0.0,0.0,,,,,0.008,5.39,linear_centered_per_block
20261002T073243Z,2026-10-02T07:32:43.369940+00:00,3a0605104e287d97ae1d9dc0ea84d335abb7170b,atlas-47,npu:0,2.7.1+cpu,2.7.1.post10,3.9.9,260384408987615869,1790926362621512119,128,256,1024,bf16,"N(1e-6,1)",11,4,2,0.5,4,2,0,0,2,2,2,0,510,2,2,0,2,2,1.0,1.0,0.0,0.0,1.0,1.0,0.0,0.0,0.008,5.39,linear_centered_per_block
20261002T073243Z,2026-10-02T07:32:43.369940+00:00,3a0605104e287d97ae1d9dc0ea84d335abb7170b,atlas-47,npu:0,2.7.1+cpu,2.7.1.post10,3.9.9,2851519381170697917,1790926362621512119,128,256,1024,bf16,"N(1e-6,1)",12,4,2,0.5,4,1,0,0,1,1,1,0,511,1,1,0,3,1,1.0,1.0,0.0,0.0,1.0,1.0,0.0,0.0,0.008,5.39,linear_centered_per_block
20261002T073243Z,2026-10-02T07:32:43.369940+00:00,3a0605104e287d97ae1d9dc0ea84d335abb7170b,atlas-47,npu:0,2.7.1+cpu,2.7.1.post10,3.9.9,7612624785599544559,1790926362621512119,128,256,1024,bf16,"N(1e-6,1)",13,4,2,0.5,4,2,0,0,2,2,2,0,510,2,2,0,2,2,1.0,1.0,0.0,0.0,1.0,1.0,0.0,0.0,0.008,5.39,linear_centered_per_block
20261002T073243Z,2026-10-02T07:32:43.369940+00:00,3a0605104e287d97ae1d9dc0ea84d335abb7170b,atlas-47,npu:0,2.7.1+cpu,2.7.1.post10,3.9.9,6896776829345837905,1790926362621512119,128,256,1024,bf16,"N(1e-6,1)",14,4,2,0.5,4,0,0,0,0,0,0,0,512,0,0,0,4,0,,,0.0,0.0,,,,,0.008,5.39,linear_centered_per_block
20261002T073243Z,2026-10-02T07:32:43.369940+00:00,3a0605104e287d97ae1d9dc0ea84d335abb7170b,atlas-47,npu:0,2.7.1+cpu,2.7.1.post10,3.9.9,745366429793309333,1790926362621512119,128,256,1024,bf16,TruncN,7,4,2,0.5,4,2,0,0,2,2,0,0,510,2,0,0,2,0,0.0,0.0,0.0,0.0,0.0,,0.0,0.0,0.008,5.39,linear_centered_per_block
20261002T073243Z,2026-10-02T07:32:43.369940+00:00,3a0605104e287d97ae1d9dc0ea84d335abb7170b,atlas-47,npu:0,2.7.1+cpu,2.7.1.post10,3.9.9,7675012828434264437,1790926362621512119,128,256,1024,bf16,TruncN,8,4,2,0.5,4,1,0,0,1,1,1,0,511,1,1,0,3,0,1.0,1.0,0.0,0.0,0.0,0.0,0.0,0.0,0.008,5.39,linear_centered_per_block
20261002T073243Z,2026-10-02T07:32:43.369940+00:00,3a0605104e287d97ae1d9dc0ea84d335abb7170b,atlas-47,npu:0,2.7.1+cpu,2.7.1.post10,3.9.9,5437125706964121304,1790926362621512119,128,256,1024,bf16,TruncN,9,4,2,0.5,4,2,0,0,2,2,2,0,510,2,2,0,2,2,1.0,1.0,0.0,0.0,1.0,1.0,0.0,0.0,0.008,5.39,linear_centered_per_block
20261002T073243Z,2026-10-02T07:32:43.369940+00:00,3a0605104e287d97ae1d9dc0ea84d335abb7170b,atlas-47,npu:0,2.7.1+cpu,2.7.1.post10,3.9.9,7405988745432903012,1790926362621512119,128,256,1024,bf16,TruncN,10,4,2,0.5,4,2,0,0,2,2,0,0,510,2,0,0,2,0,0.0,0.0,0.0,0.0,0.0,,0.0,0.0,0.008,5.39,linear_centered_per_block
20261002T073243Z,2026-10-02T07:32:43.369940+00:00,3a0605104e287d97ae1d9dc0ea84d335abb7170b,atlas-47,npu:0,2.7.1+cpu,2.7.1.post10,3.9.9,2607321659261925790,1790926362621512119,128,256,1024,bf16,TruncN,11,4,2,0.5,4,0,0,0,0,0,0,0,512,0,0,0,4,0,,,0.0,0.0,,,,,0.008,5.39,linear_centered_per_block
20261002T073243Z,2026-10-02T07:32:43.369940+00:00,3a0605104e287d97ae1d9dc0ea84d335abb7170b,atlas-47,npu:0,2.7.1+cpu,2.7.1.post10,3.9.9,2956390002042644243,1790926362621512119,128,256,1024,bf16,TruncN,12,4,2,0.5,4,0,0,0,0,0,0,0,512,0,0,0,4,0,,,0.0,0.0,,,,,0.008,5.39,linear_centered_per_block
20261002T073243Z,2026-10-02T07:32:43.369940+00:00,3a0605104e287d97ae1d9dc0ea84d335abb7170b,atlas-47,npu:0,2.7.1+cpu,2.7.1.post10,3.9.9,736097298819037608,1790926362621512119,128,256,1024,bf16,TruncN,13,4,2,0.5,4,4,0,0,4,4,4,0,508,4,4,0,0,4,1.0,1.0,0.0,,1.0,1.0,0.0,0.0,0.008,5.39,linear_centered_per_block
20261002T073243Z,2026-10-02T07:32:43.369940+00:00,3a0605104e287d97ae1d9dc0ea84d335abb7170b,atlas-47,npu:0,2.7.1+cpu,2.7.1.post10,3.9.9,1471782835722917746,1790926362621512119,128,256,1024,bf16,TruncN,14,4,2,0.5,4,2,0,0,2,2,0,0,510,2,0,0,2,0,0.0,0.0,0.0,0.0,0.0,,0.0,0.0,0.008,5.39,linear_centered_per_block
20261002T073243Z,2026-10-02T07:32:43.369940+00:00,3a0605104e287d97ae1d9dc0ea84d335abb7170b,atlas-47,npu:0,2.7.1+cpu,2.7.1.post10,3.9.9,5096728372740572376,1790926362621512119,128,256,1024,bf16,"U(-1,1)",7,4,2,0.5,4,3,0,0,3,3,0,0,509,3,0,0,1,0,0.0,0.0,0.0,0.0,0.0,,0.0,0.0,0.008,5.39,linear_centered_per_block
20261002T073243Z,2026-10-02T07:32:43.369940+00:00,3a0605104e287d97ae1d9dc0ea84d335abb7170b,atlas-47,npu:0,2.7.1+cpu,2.7.1.post10,3.9.9,8727910519155208293,1790926362621512119,128,256,1024,bf16,"U(-1,1)",8,4,2,0.5,4,3,0,0,3,3,0,0,509,3,0,0,1,0,0.0,0.0,0.0,0.0,0.0,,0.0,0.0,0.008,5.39,linear_centered_per_block
20261002T073243Z,2026-10-02T07:32:43.369940+00:00,3a0605104e287d97ae1d9dc0ea84d335abb7170b,atlas-47,npu:0,2.7.1+cpu,2.7.1.post10,3.9.9,2117598631119401267,1790926362621512119,128,256,1024,bf16,"U(-1,1)",9,4,2,0.5,4,3,0,0,3,3,3,0,509,3,3,0,1,2,1.0,1.0,0.0,0.0,0.6666666666666666,0.6666666666666666,0.0,0.0,0.008,5.39,linear_centered_per_block
20261002T073243Z,2026-10-02T07:32:43.369940+00:00,3a0605104e287d97ae1d9dc0ea84d335abb7170b,atlas-47,npu:0,2.7.1+cpu,2.7.1.post10,3.9.9,4976600780037481895,1790926362621512119,128,256,1024,bf16,"U(-1,1)",10,4,2,0.5,4,2,0,0,2,2,2,0,510,2,2,0,2,2,1.0,1.0,0.0,0.0,1.0,1.0,0.0,0.0,0.008,5.39,linear_centered_per_block
20261002T073243Z,2026-10-02T07:32:43.369940+00:00,3a0605104e287d97ae1d9dc0ea84d335abb7170b,atlas-47,npu:0,2.7.1+cpu,2.7.1.post10,3.9.9,5960130476190911364,1790926362621512119,128,256,1024,bf16,"U(-1,1)",11,4,2,0.5,4,2,0,0,2,2,1,0,510,2,1,0,2,1,0.5,0.5,0.0,0.0,0.5,1.0,0.0,0.0,0.008,5.39,linear_centered_per_block
20261002T073243Z,2026-10-02T07:32:43.369940+00:00,3a0605104e287d97ae1d9dc0ea84d335abb7170b,atlas-47,npu:0,2.7.1+cpu,2.7.1.post10,3.9.9,2521262295438241405,1790926362621512119,128,256,1024,bf16,"U(-1,1)",12,4,2,0.5,4,2,0,0,2,2,2,0,510,2,2,0,2,2,1.0,1.0,0.0,0.0,1.0,1.0,0.0,0.0,0.008,5.39,linear_centered_per_block
20261002T073243Z,2026-10-02T07:32:43.369940+00:00,3a0605104e287d97ae1d9dc0ea84d335abb7170b,atlas-47,npu:0,2.7.1+cpu,2.7.1.post10,3.9.9,4443909346131534934,1790926362621512119,128,256,1024,bf16,"U(-1,1)",13,4,2,0.5,4,3,0,0,3,3,3,0,509,3,3,0,1,3,1.0,1.0,0.0,0.0,1.0,1.0,0.0,0.0,0.008,5.39,linear_centered_per_block
20261002T073243Z,2026-10-02T07:32:43.369940+00:00,3a0605104e287d97ae1d9dc0ea84d335abb7170b,atlas-47,npu:0,2.7.1+cpu,2.7.1.post10,3.9.9,1534778824539449770,1790926362621512119,128,256,1024,bf16,"U(-1,1)",14,4,2,0.5,4,2,1,0,1,1,0,0,510,1,0,0,2,0,0.0,0.0,0.0,0.0,0.0,,0.5,0.0,0.008,5.39,linear_centered_per_block
20261002T073243Z,2026-10-02T07:32:43.369940+00:00,3a0605104e287d97ae1d9dc0ea84d335abb7170b,atlas-47,npu:0,2.7.1+cpu,2.7.1.post10,3.9.9,6980401557131443464,1790926362621512119,128,256,1024,fp32,"N(1,1)",23,4,2,0.5,4,0,0,0,0,0,0,0,512,0,0,0,4,0,,,0.0,0.0,,,,,1.377e-06,5.39,linear_centered_per_block
20261002T073243Z,2026-10-02T07:32:43.369940+00:00,3a0605104e287d97ae1d9dc0ea84d335abb7170b,atlas-47,npu:0,2.7.1+cpu,2.7.1.post10,3.9.9,3824102094826221713,1790926362621512119,128,256,1024,fp32,"N(1,1)",24,4,2,0.5,4,1,0,0,1,1,1,0,511,1,1,0,3,1,1.0,1.0,0.0,0.0,1.0,1.0,0.0,0.0,1.377e-06,5.39,linear_centered_per_block
20261002T073243Z,2026-10-02T07:32:43.369940+00:00,3a0605104e287d97ae1d9dc0ea84d335abb7170b,atlas-47,npu:0,2.7.1+cpu,2.7.1.post10,3.9.9,2333555540054438620,1790926362621512119,128,256,1024,fp32,"N(1,1)",25,4,2,0.5,4,2,0,0,2,2,2,0,510,2,2,0,2,2,1.0,1.0,0.0,0.0,1.0,1.0,0.0,0.0,1.377e-06,5.39,linear_centered_per_block
20261002T073243Z,2026-10-02T07:32:43.369940+00:00,3a0605104e287d97ae1d9dc0ea84d335abb7170b,atlas-47,npu:0,2.7.1+cpu,2.7.1.post10,3.9.9,2070021631685683254,1790926362621512119,128,256,1024,fp32,"N(1,1)",26,4,2,0.5,4,2,0,0,2,2,2,0,510,2,2,0,2,2,1.0,1.0,0.0,0.0,1.0,1.0,0.0,0.0,1.377e-06,5.39,linear_centered_per_block
20261002T073243Z,2026-10-02T07:32:43.369940+00:00,3a0605104e287d97ae1d9dc0ea84d335abb7170b,atlas-47,npu:0,2.7.1+cpu,2.7.1.post10,3.9.9,8313315892014086062,1790926362621512119,128,256,1024,fp32,"N(1,1)",27,4,2,0.5,4,1,0,0,1,1,1,0,511,1,1,0,3,1,1.0,1.0,0.0,0.0,1.0,1.0,0.0,0.0,1.377e-06,5.39,linear_centered_per_block
20261002T073243Z,2026-10-02T07:32:43.369940+00:00,3a0605104e287d97ae1d9dc0ea84d335abb7170b,atlas-47,npu:0,2.7.1+cpu,2.7.1.post10,3.9.9,2357307545730859809,1790926362621512119,128,256,1024,fp32,"N(1,1)",28,4,2,0.5,4,2,0,0,2,2,2,0,510,2,2,0,2,2,1.0,1.0,0.0,0.0,1.0,1.0,0.0,0.0,1.377e-06,5.39,linear_centered_per_block
20261002T073243Z,2026-10-02T07:32:43.369940+00:00,3a0605104e287d97ae1d9dc0ea84d335abb7170b,atlas-47,npu:0,2.7.1+cpu,2.7.1.post10,3.9.9,2364480527328629871,1790926362621512119,128,256,1024,fp32,"N(1,1)",29,4,2,0.5,4,4,0,0,4,4,4,0,508,4,4,0,0,4,1.0,1.0,0.0,,1.0,1.0,0.0,0.0,1.377e-06,5.39,linear_centered_per_block
20261002T073243Z,2026-10-02T07:32:43.369940+00:00,3a0605104e287d97ae1d9dc0ea84d335abb7170b,atlas-47,npu:0,2.7.1+cpu,2.7.1.post10,3.9.9,5685846509238565698,1790926362621512119,128,256,1024,fp32,"N(1,1)",30,4,2,0.5,4,2,0,0,2,2,2,0,510,2,2,0,2,2,1.0,1.0,0.0,0.0,1.0,1.0,0.0,0.0,1.377e-06,5.39,linear_centered_per_block
20261002T073243Z,2026-10-02T07:32:43.369940+00:00,3a0605104e287d97ae1d9dc0ea84d335abb7170b,atlas-47,npu:0,2.7.1+cpu,2.7.1.post10,3.9.9,376687266229268200,1790926362621512119,128,256,1024,fp32,"N(1e-6,1)",23,4,2,0.5,4,3,0,0,3,3,3,0,509,3,3,0,1,3,1.0,1.0,0.0,0.0,1.0,1.0,0.0,0.0,1.377e-06,5.39,linear_centered_per_block
20261002T073243Z,2026-10-02T07:32:43.369940+00:00,3a0605104e287d97ae1d9dc0ea84d335abb7170b,atlas-47,npu:0,2.7.1+cpu,2.7.1.post10,3.9.9,4314730721601104096,1790926362621512119,128,256,1024,fp32,"N(1e-6,1)",24,4,2,0.5,4,3,0,0,3,3,3,0,509,3,3,0,1,3,1.0,1.0,0.0,0.0,1.0,1.0,0.0,0.0,1.377e-06,5.39,linear_centered_per_block
20261002T073243Z,2026-10-02T07:32:43.369940+00:00,3a0605104e287d97ae1d9dc0ea84d335abb7170b,atlas-47,npu:0,2.7.1+cpu,2.7.1.post10,3.9.9,5430020871689484335,1790926362621512119,128,256,1024,fp32,"N(1e-6,1)",25,4,2,0.5,4,0,0,0,0,0,0,0,512,0,0,0,4,0,,,0.0,0.0,,,,,1.377e-06,5.39,linear_centered_per_block
20261002T073243Z,2026-10-02T07:32:43.369940+00:00,3a0605104e287d97ae1d9dc0ea84d335abb7170b,atlas-47,npu:0,2.7.1+cpu,2.7.1.post10,3.9.9,7206445143162627804,1790926362621512119,128,256,1024,fp32,"N(1e-6,1)",26,4,2,0.5,4,2,0,0,2,2,2,0,510,2,2,0,2,2,1.0,1.0,0.0,0.0,1.0,1.0,0.0,0.0,1.377e-06,5.39,linear_centered_per_block
20261002T073243Z,2026-10-02T07:32:43.369940+00:00,3a0605104e287d97ae1d9dc0ea84d335abb7170b,atlas-47,npu:0,2.7.1+cpu,2.7.1.post10,3.9.9,8818786635857697657,1790926362621512119,128,256,1024,fp32,"N(1e-6,1)",27,4,2,0.5,4,4,0,0,4,4,4,0,508,4,4,0,0,4,1.0,1.0,0.0,,1.0,1.0,0.0,0.0,1.377e-06,5.39,linear_centered_per_block
20261002T073243Z,2026-10-02T07:32:43.369940+00:00,3a0605104e287d97ae1d9dc0ea84d335abb7170b,atlas-47,npu:0,2.7.1+cpu,2.7.1.post10,3.9.9,8502632729053414108,1790926362621512119,128,256,1024,fp32,"N(1e-6,1)",28,4,2,0.5,4,3,0,0,3,3,3,0,509,3,3,0,1,3,1.0,1.0,0.0,0.0,1.0,1.0,0.0,0.0,1.377e-06,5.39,linear_centered_per_block
20261002T073243Z,2026-10-02T07:32:43.369940+00:00,3a0605104e287d97ae1d9dc0ea84d335abb7170b,atlas-47,npu:0,2.7.1+cpu,2.7.1.post10,3.9.9,4935810485759175785,1790926362621512119,128,256,1024,fp32,"N(1e-6,1)",29,4,2,0.5,4,1,0,0,1,1,1,0,511,1,1,0,3,1,1.0,1.0,0.0,0.0,1.0,1.0,0.0,0.0,1.377e-06,5.39,linear_centered_per_block
20261002T073243Z,2026-10-02T07:32:43.369940+00:00,3a0605104e287d97ae1d9dc0ea84d335abb7170b,atlas-47,npu:0,2.7.1+cpu,2.7.1.post10,3.9.9,5305530080671483973,1790926362621512119,128,256,1024,fp32,"N(1e-6,1)",30,4,2,0.5,4,2,0,0,2,2,2,0,510,2,2,0,2,2,1.0,1.0,0.0,0.0,1.0,1.0,0.0,0.0,1.377e-06,5.39,linear_centered_per_block
20261002T073243Z,2026-10-02T07:32:43.369940+00:00,3a0605104e287d97ae1d9dc0ea84d335abb7170b,atlas-47,npu:0,2.7.1+cpu,2.7.1.post10,3.9.9,6102858542049417045,1790926362621512119,128,256,1024,fp32,TruncN,23,4,2,0.5,4,3,0,0,3,3,3,0,509,3,3,0,1,3,1.0,1.0,0.0,0.0,1.0,1.0,0.0,0.0,1.377e-06,5.39,linear_centered_per_block
20261002T073243Z,2026-10-02T07:32:43.369940+00:00,3a0605104e287d97ae1d9dc0ea84d335abb7170b,atlas-47,npu:0,2.7.1+cpu,2.7.1.post10,3.9.9,2266874545800814687,1790926362621512119,128,256,1024,fp32,TruncN,24,4,2,0.5,4,3,0,0,3,3,3,0,509,3,3,0,1,3,1.0,1.0,0.0,0.0,1.0,1.0,0.0,0.0,1.377e-06,5.39,linear_centered_per_block
20261002T073243Z,2026-10-02T07:32:43.369940+00:00,3a0605104e287d97ae1d9dc0ea84d335abb7170b,atlas-47,npu:0,2.7.1+cpu,2.7.1.post10,3.9.9,7981053437133384344,1790926362621512119,128,256,1024,fp32,TruncN,25,4,2,0.5,4,2,0,0,2,2,2,0,510,2,2,0,2,2,1.0,1.0,0.0,0.0,1.0,1.0,0.0,0.0,1.377e-06,5.39,linear_centered_per_block
20261002T073243Z,2026-10-02T07:32:43.369940+00:00,3a0605104e287d97ae1d9dc0ea84d335abb7170b,atlas-47,npu:0,2.7.1+cpu,2.7.1.post10,3.9.9,70539514641459918,1790926362621512119,128,256,1024,fp32,TruncN,26,4,2,0.5,4,3,0,0,3,3,3,0,509,3,3,0,1,3,1.0,1.0,0.0,0.0,1.0,1.0,0.0,0.0,1.377e-06,5.39,linear_centered_per_block
20261002T073243Z,2026-10-02T07:32:43.369940+00:00,3a0605104e287d97ae1d9dc0ea84d335abb7170b,atlas-47,npu:0,2.7.1+cpu,2.7.1.post10,3.9.9,1900012347096805012,1790926362621512119,128,256,1024,fp32,TruncN,27,4,2,0.5,4,1,0,0,1,1,1,0,511,1,1,0,3,1,1.0,1.0,0.0,0.0,1.0,1.0,0.0,0.0,1.377e-06,5.39,linear_centered_per_block
20261002T073243Z,2026-10-02T07:32:43.369940+00:00,3a0605104e287d97ae1d9dc0ea84d335abb7170b,atlas-47,npu:0,2.7.1+cpu,2.7.1.post10,3.9.9,4599695922300687715,1790926362621512119,128,256,1024,fp32,TruncN,28,4,2,0.5,4,1,0,0,1,1,1,0,511,1,1,0,3,1,1.0,1.0,0.0,0.0,1.0,1.0,0.0,0.0,1.377e-06,5.39,linear_centered_per_block
20261002T073243Z,2026-10-02T07:32:43.369940+00:00,3a0605104e287d97ae1d9dc0ea84d335abb7170b,atlas-47,npu:0,2.7.1+cpu,2.7.1.post10,3.9.9,885486782843777946,1790926362621512119,128,256,1024,fp32,TruncN,29,4,2,0.5,4,1,0,0,1,1,1,0,511,1,1,0,3,1,1.0,1.0,0.0,0.0,1.0,1.0,0.0,0.0,1.377e-06,5.39,linear_centered_per_block
20261002T073243Z,2026-10-02T07:32:43.369940+00:00,3a0605104e287d97ae1d9dc0ea84d335abb7170b,atlas-47,npu:0,2.7.1+cpu,2.7.1.post10,3.9.9,7751715260715678311,1790926362621512119,128,256,1024,fp32,TruncN,30,4,2,0.5,4,3,0,0,3,3,3,0,509,3,3,0,1,3,1.0,1.0,0.0,0.0,1.0,1.0,0.0,0.0,1.377e-06,5.39,linear_centered_per_block
20261002T073243Z,2026-10-02T07:32:43.369940+00:00,3a0605104e287d97ae1d9dc0ea84d335abb7170b,atlas-47,npu:0,2.7.1+cpu,2.7.1.post10,3.9.9,2478155584468752441,1790926362621512119,128,256,1024,fp32,"U(-1,1)",23,4,2,0.5,4,4,0,0,4,4,4,0,508,4,4,0,0,4,1.0,1.0,0.0,,1.0,1.0,0.0,0.0,1.377e-06,5.39,linear_centered_per_block
20261002T073243Z,2026-10-02T07:32:43.369940+00:00,3a0605104e287d97ae1d9dc0ea84d335abb7170b,atlas-47,npu:0,2.7.1+cpu,2.7.1.post10,3.9.9,6852373515277607509,1790926362621512119,128,256,1024,fp32,"U(-1,1)",24,4,2,0.5,4,3,0,0,3,3,3,0,509,3,3,0,1,3,1.0,1.0,0.0,0.0,1.0,1.0,0.0,0.0,1.377e-06,5.39,linear_centered_per_block
20261002T073243Z,2026-10-02T07:32:43.369940+00:00,3a0605104e287d97ae1d9dc0ea84d335abb7170b,atlas-47,npu:0,2.7.1+cpu,2.7.1.post10,3.9.9,8412769322574885105,1790926362621512119,128,256,1024,fp32,"U(-1,1)",25,4,2,0.5,4,1,0,0,1,1,1,0,511,1,1,0,3,1,1.0,1.0,0.0,0.0,1.0,1.0,0.0,0.0,1.377e-06,5.39,linear_centered_per_block
20261002T073243Z,2026-10-02T07:32:43.369940+00:00,3a0605104e287d97ae1d9dc0ea84d335abb7170b,atlas-47,npu:0,2.7.1+cpu,2.7.1.post10,3.9.9,2047144169796832515,1790926362621512119,128,256,1024,fp32,"U(-1,1)",26,4,2,0.5,4,2,0,0,2,2,2,0,510,2,2,0,2,2,1.0,1.0,0.0,0.0,1.0,1.0,0.0,0.0,1.377e-06,5.39,linear_centered_per_block
20261002T073243Z,2026-10-02T07:32:43.369940+00:00,3a0605104e287d97ae1d9dc0ea84d335abb7170b,atlas-47,npu:0,2.7.1+cpu,2.7.1.post10,3.9.9,539182464169708921,1790926362621512119,128,256,1024,fp32,"U(-1,1)",27,4,2,0.5,4,3,0,0,3,3,3,0,509,3,3,0,1,3,1.0,1.0,0.0,0.0,1.0,1.0,0.0,0.0,1.377e-06,5.39,linear_centered_per_block
20261002T073243Z,2026-10-02T07:32:43.369940+00:00,3a0605104e287d97ae1d9dc0ea84d335abb7170b,atlas-47,npu:0,2.7.1+cpu,2.7.1.post10,3.9.9,7505439734114873414,1790926362621512119,128,256,1024,fp32,"U(-1,1)",28,4,2,0.5,4,3,0,0,3,3,3,0,509,3,3,0,1,3,1.0,1.0,0.0,0.0,1.0,1.0,0.0,0.0,1.377e-06,5.39,linear_centered_per_block
20261002T073243Z,2026-10-02T07:32:43.369940+00:00,3a0605104e287d97ae1d9dc0ea84d335abb7170b,atlas-47,npu:0,2.7.1+cpu,2.7.1.post10,3.9.9,8671709609905537079,1790926362621512119,128,256,1024,fp32,"U(-1,1)",29,4,2,0.5,4,3,0,0,3,3,3,0,509,3,3,0,1,3,1.0,1.0,0.0,0.0,1.0,1.0,0.0,0.0,1.377e-06,5.39,linear_centered_per_block
20261002T073243Z,2026-10-02T07:32:43.369940+00:00,3a0605104e287d97ae1d9dc0ea84d335abb7170b,atlas-47,npu:0,2.7.1+cpu,2.7.1.post10,3.9.9,1986431447631393259,1790926362621512119,128,256,1024,fp32,"U(-1,1)",30,4,2,0.5,4,1,0,0,1,1,1,0,511,1,1,0,3,1,1.0,1.0,0.0,0.0,1.0,1.0,0.0,0.0,1.377e-06,5.39,linear_centered_per_block
